epoch,train_loss,valid_loss,best_valid_loss_so_far,saved_checkpoint
1,2.399118,2.26789,2.26789,1
2,2.097816,2.221711,2.221711,1
3,1.937053,2.234324,2.221711,0
4,1.803707,2.259692,2.221711,0
