layer_index,count,ratio
1,1043,0.065187
2,5153,0.322062
3,3269,0.204313
4,643,0.040188
5,428,0.02675
6,363,0.022687
7,438,0.027375
8,2549,0.159312
9,987,0.061687
10,158,0.009875
11,114,0.007125
12,855,0.053437
